{
  "n_features": 38,
  "n_test_samples": 7180,
  "threshold": 0.2624979317188263,
  "f1": 0.8369507676019058,
  "auc": 0.9219260047919686
}