{
  "n_features": 38,
  "n_test_samples": 7180,
  "threshold": 0.31458529829978943,
  "f1": 0.8343475321162948,
  "auc": 0.9211501440923088
}